,2P,2P%,2PA,3P,3P%,3PA,AST,Age,BLK,DRB,FG,FG%,FGA,FT,FT%,FTA,G,GS,Lg,MP,ORB,PF,PTS,Player,Pos,STL,Season,TOV,TRB,Tm,eFG%
0,,,,,,,70.0,26.0,,,65.0,0.33899999999999997,192.0,41.0,0.603,68.0,49.0,,NBA,609.0,,58.0,171.0,Lenny Wilkens,PG,,1958-59,,127.0,BOS,
1,,,,,,,189.0,27.0,,,169.0,0.408,414.0,128.0,0.753,170.0,74.0,,NBA,1274.0,,109.0,466.0,Lenny Wilkens,PG,,1959-60,,199.0,BOS,
2,,,,,,,253.0,28.0,,,203.0,0.33799999999999997,601.0,186.0,0.664,280.0,78.0,,NBA,1605.0,,190.0,592.0,Lenny Wilkens,PG,,1960-61,,279.0,BOS,
3,,,,,,,343.0,29.0,,,294.0,0.406,724.0,147.0,0.634,232.0,80.0,,NBA,2054.0,,206.0,735.0,Lenny Wilkens,PG,,1961-62,,298.0,BOS,
4,,,,,,,317.0,30.0,,,230.0,0.389,591.0,112.0,0.633,177.0,79.0,,NBA,1945.0,,221.0,572.0,Lenny Wilkens,PG,,1962-63,,263.0,BOS,
5,,,,,,,407.0,31.0,,,283.0,0.392,722.0,88.0,0.524,168.0,80.0,,NBA,2424.0,,253.0,654.0,Lenny Wilkens,PG,,1963-64,,372.0,BOS,
6,,,,,,,437.0,32.0,,,253.0,0.396,639.0,143.0,0.63,227.0,78.0,,NBA,2434.0,,263.0,649.0,Lenny Wilkens,PG,,1964-65,,318.0,BOS,
7,,,,,,,503.0,33.0,,,240.0,0.38799999999999996,619.0,209.0,0.69,303.0,80.0,,NBA,2710.0,,243.0,689.0,Lenny Wilkens,PG,,1965-66,,304.0,BOS,
8,,,,,,,389.0,34.0,,,182.0,0.397,459.0,119.0,0.63,189.0,78.0,,NBA,2446.0,,273.0,483.0,Lenny Wilkens,PG,,1966-67,,239.0,BOS,
9,,,,,,,2908.0,,,,1919.0,0.387,4961.0,1173.0,0.647,1814.0,676.0,,NBA,17501.0,,1816.0,5011.0,Lenny Wilkens,,,Career,,2399.0,,
10,930.0,0.447,2082.0,,,,113.0,23.0,,,930.0,0.447,2082.0,467.0,0.626,746.0,82.0,,NBA,3695.0,,266.0,2327.0,Neil Johnston,C,,1968-69,,1406.0,SDR,0.447
11,914.0,0.452,2020.0,,,,162.0,24.0,,,914.0,0.452,2020.0,428.0,0.688,622.0,82.0,,NBA,3665.0,,270.0,2256.0,Neil Johnston,C,,1969-70,,1386.0,SDR,0.452
12,948.0,0.428,2215.0,,,,186.0,25.0,,,948.0,0.428,2215.0,454.0,0.672,676.0,82.0,,NBA,3633.0,,225.0,2350.0,Neil Johnston,C,,1970-71,,1362.0,SDR,0.428
13,832.0,0.434,1918.0,,,,270.0,26.0,,,832.0,0.434,1918.0,399.0,0.649,615.0,82.0,,NBA,3461.0,,233.0,2063.0,Neil Johnston,C,,1971-72,,1197.0,HOU,0.434
14,713.0,0.444,1607.0,,,,127.0,27.0,,,713.0,0.444,1607.0,291.0,0.6709999999999999,434.0,81.0,,NBA,3347.0,,232.0,1717.0,Neil Johnston,PF,,1972-73,,1177.0,BAL,0.444
15,689.0,0.423,1627.0,,,,163.0,28.0,240.0,1109.0,689.0,0.423,1627.0,357.0,0.721,495.0,81.0,,NBA,3602.0,354.0,252.0,1735.0,Neil Johnston,PF,86.0,1973-74,,1463.0,CAP,0.423
16,739.0,0.44299999999999995,1668.0,,,,206.0,29.0,187.0,783.0,739.0,0.44299999999999995,1668.0,409.0,0.7659999999999999,534.0,82.0,,NBA,3465.0,221.0,238.0,1887.0,Neil Johnston,PF,158.0,1974-75,,1004.0,WSB,0.44299999999999995
17,649.0,0.47,1381.0,,,,121.0,30.0,202.0,668.0,649.0,0.47,1381.0,287.0,0.628,457.0,80.0,,NBA,2975.0,210.0,293.0,1585.0,Neil Johnston,PF,104.0,1975-76,,878.0,WSB,0.47
18,760.0,0.501,1516.0,,,,158.0,31.0,220.0,740.0,760.0,0.501,1516.0,422.0,0.687,614.0,82.0,,NBA,3364.0,289.0,312.0,1942.0,Neil Johnston,PF,87.0,1976-77,,1029.0,WSB,0.501
19,636.0,0.451,1409.0,,,,149.0,32.0,159.0,740.0,636.0,0.451,1409.0,326.0,0.634,514.0,81.0,,NBA,3246.0,335.0,313.0,1598.0,Neil Johnston,PF,96.0,1977-78,229.0,1075.0,WSB,0.451
20,720.0,0.48700000000000004,1477.0,,,,143.0,33.0,190.0,682.0,720.0,0.48700000000000004,1477.0,349.0,0.654,534.0,82.0,,NBA,3105.0,312.0,308.0,1789.0,Neil Johnston,PF,75.0,1978-79,235.0,994.0,WSB,0.48700000000000004
21,758.0,0.456,1664.0,3.0,0.231,13.0,129.0,34.0,189.0,627.0,761.0,0.45399999999999996,1677.0,334.0,0.6990000000000001,478.0,81.0,,NBA,3183.0,269.0,309.0,1859.0,Neil Johnston,PF,62.0,1979-80,215.0,896.0,WSB,0.455
22,584.0,0.45399999999999996,1286.0,0.0,0.0,10.0,98.0,35.0,171.0,554.0,584.0,0.451,1296.0,271.0,0.617,439.0,81.0,,NBA,2931.0,235.0,300.0,1439.0,Neil Johnston,PF,68.0,1980-81,189.0,789.0,WSB,0.451
23,519.0,0.474,1095.0,0.0,0.0,5.0,144.0,36.0,104.0,480.0,519.0,0.47200000000000003,1100.0,280.0,0.664,422.0,82.0,82.0,NBA,3032.0,267.0,287.0,1318.0,Neil Johnston,PF,62.0,1981-82,208.0,747.0,HOU,0.47200000000000003
24,422.0,0.47600000000000003,886.0,2.0,0.5,4.0,158.0,37.0,81.0,417.0,424.0,0.47600000000000003,890.0,196.0,0.6829999999999999,287.0,81.0,43.0,NBA,2302.0,199.0,232.0,1046.0,Neil Johnston,PF,50.0,1982-83,200.0,616.0,HOU,0.478
25,158.0,0.408,387.0,0.0,0.0,2.0,71.0,38.0,28.0,173.0,158.0,0.406,389.0,86.0,0.652,132.0,81.0,4.0,NBA,994.0,87.0,123.0,402.0,Neil Johnston,PF,16.0,1983-84,82.0,260.0,HOU,0.406
26,10971.0,0.45299999999999996,24238.0,5.0,0.147,34.0,2398.0,,1771.0,6973.0,10976.0,0.452,24272.0,5356.0,0.67,7999.0,1303.0,129.0,NBA,50000.0,2778.0,4193.0,27313.0,Neil Johnston,,864.0,Career,1358.0,16279.0,,0.452
27,,,,,,,,,,,,,,,,,,,,,,,,Neil Johnston,,,,,,,
28,6248.0,0.45799999999999996,13635.0,3.0,0.13,23.0,1294.0,,1558.0,5903.0,6251.0,0.45799999999999996,13658.0,3046.0,0.677,4499.0,731.0,,NBA,29218.0,2225.0,2557.0,15551.0,Neil Johnston,,736.0,9 seasons,868.0,9305.0,"BAL,CAP,WSB",0.45799999999999996
29,4723.0,0.445,10603.0,2.0,0.182,11.0,1104.0,,213.0,1070.0,4725.0,0.445,10614.0,2310.0,0.66,3500.0,572.0,129.0,NBA,20782.0,553.0,1636.0,11762.0,Neil Johnston,,128.0,7 seasons,490.0,6974.0,"SDR,HOU",0.445
30,486.0,0.444,1095.0,,,,450.0,22.0,,,486.0,0.444,1095.0,336.0,0.757,444.0,82.0,,NBA,2867.0,,218.0,1308.0,Dave Cowens,PG,,1970-71,,242.0,CIN,0.444
31,734.0,0.486,1511.0,,,,701.0,23.0,,,734.0,0.486,1511.0,677.0,0.8220000000000001,824.0,76.0,,NBA,3272.0,,198.0,2145.0,Dave Cowens,PG,,1971-72,,222.0,CIN,0.486
32,1028.0,0.488,2106.0,,,,910.0,24.0,,,1028.0,0.488,2106.0,663.0,0.847,783.0,80.0,,NBA,3681.0,,207.0,2719.0,Dave Cowens,PG,,1972-73,,223.0,KCO,0.488
33,222.0,0.451,492.0,,,,266.0,25.0,7.0,64.0,222.0,0.451,492.0,173.0,0.82,211.0,35.0,,NBA,1272.0,21.0,76.0,617.0,Dave Cowens,PG,56.0,1973-74,,85.0,KCO,0.451
34,759.0,0.456,1664.0,,,,557.0,26.0,7.0,174.0,759.0,0.456,1664.0,652.0,0.872,748.0,82.0,,NBA,3244.0,48.0,187.0,2170.0,Dave Cowens,PG,119.0,1974-75,,222.0,KCO,0.456
35,717.0,0.45299999999999996,1583.0,,,,615.0,27.0,15.0,146.0,717.0,0.45299999999999996,1583.0,501.0,0.802,625.0,78.0,,NBA,3184.0,67.0,169.0,1935.0,Dave Cowens,PG,126.0,1975-76,,213.0,KCK,0.45299999999999996
36,250.0,0.446,560.0,,,,254.0,28.0,11.0,58.0,250.0,0.446,560.0,197.0,0.785,251.0,34.0,,NBA,1277.0,22.0,77.0,697.0,Dave Cowens,PG,59.0,1976-77,,80.0,NYN,0.446
37,259.0,0.452,573.0,,,,324.0,30.0,6.0,78.0,259.0,0.452,573.0,242.0,0.7879999999999999,307.0,69.0,,NBA,1662.0,25.0,132.0,760.0,Dave Cowens,PG,55.0,1978-79,197.0,103.0,BOS,0.452
38,379.0,0.488,776.0,4.0,0.222,18.0,671.0,31.0,10.0,138.0,383.0,0.48200000000000004,794.0,361.0,0.83,435.0,80.0,80.0,NBA,2864.0,59.0,218.0,1131.0,Dave Cowens,PG,106.0,1979-80,242.0,197.0,BOS,0.485
39,382.0,0.505,757.0,0.0,0.0,9.0,618.0,32.0,18.0,140.0,382.0,0.499,766.0,342.0,0.816,419.0,80.0,72.0,NBA,2820.0,36.0,201.0,1106.0,Dave Cowens,PG,75.0,1980-81,265.0,176.0,BOS,0.499
40,302.0,0.475,636.0,6.0,0.375,16.0,541.0,33.0,3.0,91.0,308.0,0.47200000000000003,652.0,236.0,0.747,316.0,68.0,51.0,NBA,2167.0,25.0,131.0,858.0,Dave Cowens,PG,52.0,1981-82,178.0,116.0,BOS,0.47700000000000004
41,230.0,0.435,529.0,5.0,0.20800000000000002,24.0,409.0,34.0,4.0,66.0,235.0,0.425,553.0,220.0,0.743,296.0,66.0,19.0,NBA,1811.0,25.0,110.0,695.0,Dave Cowens,PG,38.0,1982-83,163.0,91.0,BOS,0.429
42,132.0,0.506,261.0,4.0,0.222,18.0,160.0,35.0,0.0,60.0,136.0,0.48700000000000004,279.0,64.0,0.634,101.0,46.0,46.0,NBA,1038.0,16.0,78.0,340.0,Dave Cowens,PG,33.0,1983-84,78.0,76.0,MIL,0.495
43,5880.0,0.469,12543.0,19.0,0.22399999999999998,85.0,6476.0,,81.0,1015.0,5899.0,0.467,12628.0,4664.0,0.81,5760.0,876.0,268.0,NBA,31159.0,344.0,2002.0,16481.0,Dave Cowens,,719.0,Career,1123.0,2046.0,,0.46799999999999997
44,,,,,,,,,,,,,,,,,,,,,,,,Dave Cowens,,,,,,,
45,3946.0,0.467,8451.0,,,,3499.0,,29.0,384.0,3946.0,0.467,8451.0,3002.0,0.826,3635.0,433.0,,NBA,17520.0,136.0,1055.0,10894.0,Dave Cowens,,301.0,6 seasons,,1207.0,"CIN,KCO,KCK",0.467
46,1552.0,0.474,3271.0,15.0,0.22399999999999998,67.0,2563.0,,41.0,513.0,1567.0,0.469,3338.0,1401.0,0.79,1773.0,363.0,222.0,NBA,11324.0,170.0,792.0,4550.0,Dave Cowens,,326.0,5 seasons,1045.0,683.0,BOS,0.47200000000000003
47,132.0,0.506,261.0,4.0,0.222,18.0,160.0,,0.0,60.0,136.0,0.48700000000000004,279.0,64.0,0.634,101.0,46.0,46.0,NBA,1038.0,16.0,78.0,340.0,Dave Cowens,,33.0,1 season,78.0,76.0,MIL,0.495
48,250.0,0.446,560.0,,,,254.0,,11.0,58.0,250.0,0.446,560.0,197.0,0.785,251.0,34.0,,NBA,1277.0,22.0,77.0,697.0,Dave Cowens,,59.0,1 season,,80.0,NYN,0.446
49,550.0,0.42200000000000004,1302.0,,,,228.0,22.0,,,550.0,0.42200000000000004,1302.0,273.0,0.732,373.0,81.0,,NBA,3076.0,,350.0,1373.0,Harry Gallatin,C,,1970-71,,1216.0,BOS,0.42200000000000004
50,657.0,0.484,1357.0,,,,245.0,23.0,,,657.0,0.484,1357.0,175.0,0.72,243.0,79.0,,NBA,3186.0,,314.0,1489.0,Harry Gallatin,C,,1971-72,,1203.0,BOS,0.484
51,740.0,0.452,1637.0,,,,333.0,24.0,,,740.0,0.452,1637.0,204.0,0.779,262.0,82.0,,NBA,3425.0,,311.0,1684.0,Harry Gallatin,C,,1972-73,,1329.0,BOS,0.452
52,645.0,0.43700000000000006,1475.0,,,,354.0,25.0,101.0,993.0,645.0,0.43700000000000006,1475.0,228.0,0.8320000000000001,274.0,80.0,,NBA,3352.0,264.0,294.0,1518.0,Harry Gallatin,C,95.0,1973-74,,1257.0,BOS,0.43700000000000006
53,569.0,0.475,1199.0,,,,296.0,26.0,73.0,729.0,569.0,0.475,1199.0,191.0,0.7829999999999999,244.0,65.0,,NBA,2632.0,229.0,243.0,1329.0,Harry Gallatin,C,87.0,1974-75,,958.0,BOS,0.475
54,611.0,0.46799999999999997,1305.0,,,,325.0,27.0,71.0,911.0,611.0,0.46799999999999997,1305.0,257.0,0.7559999999999999,340.0,78.0,,NBA,3101.0,335.0,314.0,1479.0,Harry Gallatin,C,94.0,1975-76,,1246.0,BOS,0.46799999999999997
55,328.0,0.434,756.0,,,,248.0,28.0,49.0,550.0,328.0,0.434,756.0,162.0,0.818,198.0,50.0,,NBA,1888.0,147.0,181.0,818.0,Harry Gallatin,C,46.0,1976-77,,697.0,BOS,0.434
56,598.0,0.49,1220.0,,,,351.0,29.0,67.0,830.0,598.0,0.49,1220.0,239.0,0.8420000000000001,284.0,77.0,,NBA,3215.0,248.0,297.0,1435.0,Harry Gallatin,C,102.0,1977-78,217.0,1078.0,BOS,0.49
57,488.0,0.483,1010.0,,,,242.0,30.0,51.0,500.0,488.0,0.483,1010.0,151.0,0.807,187.0,68.0,,NBA,2517.0,152.0,263.0,1127.0,Harry Gallatin,C,76.0,1978-79,174.0,652.0,BOS,0.483
58,421.0,0.45799999999999996,920.0,1.0,0.083,12.0,206.0,31.0,61.0,408.0,422.0,0.45299999999999996,932.0,95.0,0.779,122.0,66.0,55.0,NBA,2159.0,126.0,216.0,940.0,Harry Gallatin,C,69.0,1979-80,108.0,534.0,BOS,0.45299999999999996
59,136.0,0.447,304.0,0.0,0.0,2.0,82.0,34.0,15.0,201.0,136.0,0.444,306.0,52.0,0.825,63.0,40.0,34.0,NBA,1014.0,73.0,137.0,324.0,Harry Gallatin,PF,30.0,1982-83,44.0,274.0,MIL,0.444
60,5743.0,0.46,12485.0,1.0,0.071,14.0,2910.0,,488.0,5122.0,5744.0,0.46,12499.0,2027.0,0.7829999999999999,2590.0,766.0,89.0,NBA,29565.0,1574.0,2920.0,13516.0,Harry Gallatin,,599.0,Career,543.0,10444.0,,0.46
61,,,,,,,,,,,,,,,,,,,,,,,,Harry Gallatin,,,,,,,
62,5607.0,0.46,12181.0,1.0,0.083,12.0,2828.0,,473.0,4921.0,5608.0,0.46,12193.0,1975.0,0.782,2527.0,726.0,55.0,NBA,28551.0,1501.0,2783.0,13192.0,Harry Gallatin,,569.0,10 seasons,499.0,10170.0,BOS,0.46
63,136.0,0.447,304.0,0.0,0.0,2.0,82.0,,15.0,201.0,136.0,0.444,306.0,52.0,0.825,63.0,40.0,34.0,NBA,1014.0,73.0,137.0,324.0,Harry Gallatin,,30.0,1 season,44.0,274.0,MIL,0.444
64,633.0,0.521,1214.0,2.0,0.222,9.0,320.0,25.0,,577.0,635.0,0.519,1223.0,603.0,0.764,789.0,70.0,,ABA,3146.0,368.0,248.0,1875.0,Bob Lanier,PF,,1967-68,200.0,945.0,PTP,0.52
65,493.0,0.519,949.0,3.0,0.136,22.0,184.0,26.0,,367.0,496.0,0.511,971.0,425.0,0.767,554.0,47.0,,ABA,1852.0,167.0,166.0,1420.0,Bob Lanier,PF,,1968-69,155.0,534.0,MNP,0.512
66,709.0,0.49,1447.0,,,,391.0,27.0,,,709.0,0.49,1447.0,577.0,0.779,741.0,81.0,,NBA,3312.0,,287.0,1995.0,Bob Lanier,SF,,1969-70,,846.0,PHO,0.49
67,512.0,0.434,1181.0,,,,322.0,28.0,,,512.0,0.434,1181.0,457.0,0.816,560.0,71.0,,NBA,2662.0,,197.0,1481.0,Bob Lanier,SF,,1970-71,,643.0,PHO,0.434
68,571.0,0.45899999999999996,1244.0,,,,296.0,29.0,,,571.0,0.45899999999999996,1244.0,456.0,0.807,565.0,76.0,,NBA,2798.0,,235.0,1598.0,Bob Lanier,SF,,1971-72,,633.0,PHO,0.45899999999999996
69,441.0,0.479,920.0,,,,304.0,30.0,,,441.0,0.479,920.0,322.0,0.797,404.0,75.0,,NBA,2768.0,,229.0,1204.0,Bob Lanier,SF,,1972-73,,641.0,PHO,0.479
70,404.0,0.501,807.0,,,,407.0,31.0,81.0,389.0,404.0,0.501,807.0,191.0,0.7609999999999999,251.0,79.0,,NBA,2761.0,176.0,223.0,999.0,Bob Lanier,SF,113.0,1973-74,,565.0,TOT,0.501
71,36.0,0.486,74.0,,,,28.0,31.0,3.0,29.0,36.0,0.486,74.0,18.0,0.667,27.0,8.0,,NBA,223.0,14.0,20.0,90.0,Bob Lanier,SF,8.0,1973-74,,43.0,PHO,0.486
72,368.0,0.502,733.0,,,,379.0,31.0,78.0,360.0,368.0,0.502,733.0,173.0,0.772,224.0,71.0,,NBA,2538.0,162.0,203.0,909.0,Bob Lanier,SF,105.0,1973-74,,522.0,LAL,0.502
73,139.0,0.429,324.0,,,,120.0,32.0,23.0,144.0,139.0,0.429,324.0,68.0,0.687,99.0,43.0,,NBA,1026.0,54.0,116.0,346.0,Bob Lanier,PF,51.0,1974-75,,198.0,LAL,0.429
74,237.0,0.447,530.0,,,,212.0,33.0,46.0,343.0,237.0,0.447,530.0,136.0,0.7120000000000001,191.0,74.0,,NBA,1907.0,102.0,172.0,610.0,Bob Lanier,PF,80.0,1975-76,,445.0,ATL,0.447
75,4139.0,0.48,8616.0,5.0,0.161,31.0,2556.0,,150.0,1820.0,4144.0,0.479,8647.0,3235.0,0.779,4154.0,616.0,,TOT,22232.0,867.0,1873.0,11528.0,Bob Lanier,,244.0,Career,355.0,5450.0,,0.48
76,3013.0,0.467,6453.0,,,,2052.0,,150.0,876.0,3013.0,0.467,6453.0,2207.0,0.785,2811.0,499.0,,NBA,17234.0,332.0,1459.0,8233.0,Bob Lanier,,244.0,,,3971.0,,0.467
77,1126.0,0.521,2163.0,5.0,0.161,31.0,504.0,,,944.0,1131.0,0.515,2194.0,1028.0,0.765,1343.0,117.0,,ABA,4998.0,535.0,414.0,3295.0,Bob Lanier,,,,355.0,1479.0,,0.517
78,,,,,,,,,,,,,,,,,,,,,,,,Bob Lanier,,,,,,,
79,2269.0,0.466,4866.0,,,,1341.0,,3.0,29.0,2269.0,0.466,4866.0,1830.0,0.797,2297.0,311.0,,NBA,11763.0,14.0,968.0,6368.0,Bob Lanier,,8.0,5 seasons,,2806.0,PHO,0.466
80,1126.0,0.521,2163.0,5.0,0.161,31.0,504.0,,,944.0,1131.0,0.515,2194.0,1028.0,0.765,1343.0,117.0,,ABA,4998.0,535.0,414.0,3295.0,Bob Lanier,,,2 seasons,355.0,1479.0,"PTP,MNP",0.517
81,507.0,0.48,1057.0,,,,499.0,,101.0,504.0,507.0,0.48,1057.0,241.0,0.746,323.0,114.0,,NBA,3564.0,216.0,319.0,1255.0,Bob Lanier,,156.0,2 seasons,,720.0,LAL,0.48
82,237.0,0.447,530.0,,,,212.0,,46.0,343.0,237.0,0.447,530.0,136.0,0.7120000000000001,191.0,74.0,,NBA,1907.0,102.0,172.0,610.0,Bob Lanier,,80.0,1 season,,445.0,ATL,0.447
83,907.0,0.501,1810.0,3.0,0.188,16.0,335.0,21.0,,843.0,910.0,0.498,1826.0,467.0,0.745,627.0,84.0,,ABA,3513.0,476.0,264.0,2290.0,Dan Issel,SF,,1971-72,342.0,1319.0,VIR,0.499
84,889.0,0.499,1780.0,5.0,0.20800000000000002,24.0,298.0,22.0,127.0,605.0,894.0,0.496,1804.0,475.0,0.7759999999999999,612.0,71.0,,ABA,2993.0,262.0,197.0,2268.0,Dan Issel,SF,181.0,1972-73,326.0,867.0,VIR,0.49700000000000005
85,897.0,0.515,1742.0,17.0,0.395,43.0,434.0,23.0,204.0,636.0,914.0,0.512,1785.0,454.0,0.7659999999999999,593.0,84.0,,ABA,3398.0,263.0,270.0,2299.0,Dan Issel,SF,190.0,1973-74,341.0,899.0,NYA,0.517
86,885.0,0.515,1719.0,29.0,0.33299999999999996,87.0,462.0,24.0,157.0,630.0,914.0,0.506,1806.0,486.0,0.799,608.0,84.0,,ABA,3402.0,284.0,256.0,2343.0,Dan Issel,SF,186.0,1974-75,301.0,914.0,NYA,0.514
87,915.0,0.517,1770.0,34.0,0.33,103.0,423.0,25.0,160.0,588.0,949.0,0.507,1873.0,530.0,0.8009999999999999,662.0,84.0,,ABA,3244.0,337.0,221.0,2462.0,Dan Issel,SF,207.0,1975-76,307.0,925.0,NYA,0.516
88,685.0,0.499,1373.0,,,,306.0,26.0,113.0,503.0,685.0,0.499,1373.0,400.0,0.777,515.0,82.0,,NBA,2940.0,192.0,251.0,1770.0,Dan Issel,SF,159.0,1976-77,,695.0,PHI,0.499
89,611.0,0.502,1217.0,,,,279.0,27.0,97.0,302.0,611.0,0.502,1217.0,306.0,0.845,362.0,74.0,,NBA,2429.0,179.0,207.0,1528.0,Dan Issel,SF,135.0,1977-78,238.0,481.0,PHI,0.502
90,715.0,0.491,1455.0,,,,357.0,28.0,100.0,366.0,715.0,0.491,1455.0,373.0,0.745,501.0,78.0,,NBA,2802.0,198.0,207.0,1803.0,Dan Issel,SF,133.0,1978-79,315.0,564.0,PHI,0.491
91,834.0,0.523,1594.0,4.0,0.2,20.0,355.0,29.0,140.0,361.0,838.0,0.519,1614.0,420.0,0.787,534.0,78.0,,NBA,2812.0,215.0,208.0,2100.0,Dan Issel,SF,170.0,1979-80,284.0,576.0,PHI,0.52
92,790.0,0.525,1506.0,4.0,0.222,18.0,364.0,30.0,147.0,413.0,794.0,0.521,1524.0,422.0,0.787,536.0,82.0,,NBA,2874.0,244.0,233.0,2014.0,Dan Issel,SF,173.0,1980-81,266.0,657.0,PHI,0.522
93,777.0,0.5479999999999999,1417.0,3.0,0.273,11.0,319.0,31.0,141.0,337.0,780.0,0.546,1428.0,411.0,0.763,539.0,81.0,81.0,NBA,2789.0,220.0,229.0,1974.0,Dan Issel,SF,161.0,1981-82,214.0,557.0,PHI,0.547
94,603.0,0.518,1163.0,2.0,0.28600000000000003,7.0,263.0,32.0,131.0,318.0,605.0,0.517,1170.0,330.0,0.759,435.0,72.0,72.0,NBA,2421.0,173.0,202.0,1542.0,Dan Issel,SF,112.0,1982-83,196.0,491.0,PHI,0.518
95,671.0,0.515,1303.0,7.0,0.33299999999999996,21.0,309.0,33.0,139.0,342.0,678.0,0.512,1324.0,364.0,0.754,483.0,77.0,77.0,NBA,2683.0,190.0,217.0,1727.0,Dan Issel,SF,141.0,1983-84,230.0,532.0,PHI,0.515
96,607.0,0.49700000000000005,1222.0,3.0,0.214,14.0,233.0,34.0,109.0,242.0,610.0,0.494,1236.0,338.0,0.765,442.0,78.0,78.0,NBA,2535.0,172.0,199.0,1561.0,Dan Issel,SF,135.0,1984-85,208.0,414.0,PHI,0.495
97,512.0,0.486,1053.0,9.0,0.281,32.0,248.0,35.0,82.0,201.0,521.0,0.48,1085.0,289.0,0.785,368.0,74.0,74.0,NBA,2474.0,169.0,196.0,1340.0,Dan Issel,SF,113.0,1985-86,214.0,370.0,PHI,0.484
98,386.0,0.484,797.0,14.0,0.264,53.0,191.0,36.0,94.0,149.0,400.0,0.47100000000000003,850.0,191.0,0.813,235.0,60.0,60.0,NBA,1918.0,115.0,137.0,1005.0,Dan Issel,SF,76.0,1986-87,158.0,264.0,PHI,0.479
99,11684.0,0.51,22921.0,134.0,0.298,449.0,5176.0,,1941.0,6836.0,11818.0,0.506,23370.0,6256.0,0.777,8052.0,1243.0,442.0,TOT,45227.0,3689.0,3494.0,30026.0,Dan Issel,,2272.0,Career,3940.0,10525.0,,0.509
100,7191.0,0.51,14100.0,46.0,0.261,176.0,3224.0,,1293.0,3534.0,7237.0,0.507,14276.0,3844.0,0.777,4950.0,836.0,442.0,NBA,28677.0,2067.0,2286.0,18364.0,Dan Issel,,1508.0,,2323.0,5601.0,,0.509
101,4493.0,0.509,8821.0,88.0,0.322,273.0,1952.0,,648.0,3302.0,4581.0,0.504,9094.0,2412.0,0.778,3102.0,407.0,,ABA,16550.0,1622.0,1208.0,11662.0,Dan Issel,,764.0,,1617.0,4924.0,,0.509
102,,,,,,,,,,,,,,,,,,,,,,,,Dan Issel,,,,,,,
103,7191.0,0.51,14100.0,46.0,0.261,176.0,3224.0,,1293.0,3534.0,7237.0,0.507,14276.0,3844.0,0.777,4950.0,836.0,442.0,NBA,28677.0,2067.0,2286.0,18364.0,Dan Issel,,1508.0,11 seasons,2323.0,5601.0,PHI,0.509
104,2697.0,0.516,5231.0,80.0,0.34299999999999997,233.0,1319.0,,521.0,1854.0,2777.0,0.508,5464.0,1470.0,0.789,1863.0,252.0,,ABA,10044.0,884.0,747.0,7104.0,Dan Issel,,583.0,3 seasons,949.0,2738.0,NYA,0.516
105,1796.0,0.5,3590.0,8.0,0.2,40.0,633.0,,127.0,1448.0,1804.0,0.49700000000000005,3630.0,942.0,0.76,1239.0,155.0,,ABA,6506.0,738.0,461.0,4558.0,Dan Issel,,181.0,2 seasons,668.0,2186.0,VIR,0.498
106,938.0,0.489,1919.0,0.0,0.0,15.0,162.0,22.0,,672.0,938.0,0.485,1934.0,604.0,0.807,748.0,83.0,,ABA,3274.0,421.0,323.0,2480.0,Dick McGuire,C,,1970-71,221.0,1093.0,KEN,0.485
107,969.0,0.48700000000000004,1990.0,3.0,0.273,11.0,195.0,23.0,,578.0,972.0,0.486,2001.0,591.0,0.785,753.0,83.0,,ABA,3570.0,353.0,242.0,2538.0,Dick McGuire,PF,,1971-72,244.0,931.0,KEN,0.48700000000000004
108,899.0,0.516,1742.0,3.0,0.2,15.0,220.0,24.0,,593.0,902.0,0.513,1757.0,485.0,0.764,635.0,84.0,,ABA,3531.0,329.0,255.0,2292.0,Dick McGuire,PF,,1972-73,216.0,922.0,KEN,0.514
109,826.0,0.483,1709.0,3.0,0.17600000000000002,17.0,137.0,25.0,32.0,501.0,829.0,0.48,1726.0,457.0,0.787,581.0,83.0,,ABA,3347.0,346.0,199.0,2118.0,Dick McGuire,PF,69.0,1973-74,171.0,847.0,KEN,0.48100000000000004
110,614.0,0.473,1298.0,0.0,0.0,5.0,188.0,26.0,48.0,452.0,614.0,0.47100000000000003,1303.0,237.0,0.738,321.0,83.0,,ABA,2864.0,258.0,197.0,1465.0,Dick McGuire,PF,76.0,1974-75,157.0,710.0,KEN,0.47100000000000003
111,751.0,0.512,1468.0,1.0,0.25,4.0,201.0,27.0,56.0,620.0,752.0,0.511,1472.0,425.0,0.816,521.0,84.0,,ABA,2856.0,303.0,266.0,1930.0,Dick McGuire,C,100.0,1975-76,200.0,923.0,DNA,0.511
112,660.0,0.515,1282.0,,,,177.0,28.0,29.0,485.0,660.0,0.515,1282.0,445.0,0.797,558.0,79.0,,NBA,2507.0,211.0,246.0,1765.0,Dick McGuire,C,91.0,1976-77,,696.0,DEN,0.515
113,659.0,0.512,1287.0,,,,304.0,29.0,41.0,577.0,659.0,0.512,1287.0,428.0,0.782,547.0,82.0,,NBA,2851.0,253.0,279.0,1746.0,Dick McGuire,C,100.0,1977-78,259.0,830.0,DEN,0.512
114,532.0,0.517,1030.0,,,,255.0,30.0,46.0,498.0,532.0,0.517,1030.0,316.0,0.754,419.0,81.0,,NBA,2742.0,240.0,233.0,1380.0,Dick McGuire,C,61.0,1978-79,171.0,738.0,DEN,0.517
115,711.0,0.506,1404.0,4.0,0.33299999999999996,12.0,198.0,31.0,54.0,483.0,715.0,0.505,1416.0,517.0,0.775,667.0,82.0,,NBA,2938.0,236.0,190.0,1951.0,Dick McGuire,C,88.0,1979-80,163.0,719.0,DEN,0.506
116,612.0,0.507,1208.0,2.0,0.16699999999999998,12.0,158.0,32.0,53.0,447.0,614.0,0.503,1220.0,519.0,0.759,684.0,80.0,,NBA,2641.0,229.0,249.0,1749.0,Dick McGuire,C,83.0,1980-81,130.0,676.0,DEN,0.504
117,647.0,0.526,1230.0,4.0,0.667,6.0,179.0,33.0,55.0,434.0,651.0,0.527,1236.0,546.0,0.8340000000000001,655.0,81.0,81.0,NBA,2472.0,174.0,245.0,1852.0,Dick McGuire,C,67.0,1981-82,169.0,608.0,DEN,0.528
118,657.0,0.514,1277.0,4.0,0.21100000000000002,19.0,223.0,34.0,43.0,445.0,661.0,0.51,1296.0,400.0,0.835,479.0,80.0,80.0,NBA,2431.0,151.0,227.0,1726.0,Dick McGuire,C,83.0,1982-83,174.0,596.0,DEN,0.512
119,565.0,0.498,1134.0,4.0,0.21100000000000002,19.0,173.0,35.0,44.0,401.0,569.0,0.493,1153.0,364.0,0.85,428.0,76.0,66.0,NBA,2076.0,112.0,182.0,1506.0,Dick McGuire,C,60.0,1983-84,122.0,513.0,DEN,0.495
120,362.0,0.462,784.0,1.0,0.14300000000000002,7.0,137.0,36.0,31.0,251.0,363.0,0.45899999999999996,791.0,257.0,0.8059999999999999,319.0,77.0,9.0,NBA,1684.0,80.0,171.0,984.0,Dick McGuire,C,65.0,1984-85,93.0,331.0,DEN,0.46
121,10402.0,0.501,20762.0,29.0,0.204,142.0,2907.0,,532.0,7437.0,10431.0,0.499,20904.0,6591.0,0.7929999999999999,8315.0,1218.0,236.0,TOT,41784.0,3696.0,3504.0,27482.0,Dick McGuire,,943.0,Career,2490.0,11133.0,,0.5
122,5405.0,0.508,10636.0,19.0,0.253,75.0,1804.0,,396.0,4021.0,5424.0,0.506,10711.0,3792.0,0.797,4756.0,718.0,236.0,NBA,22342.0,1686.0,2022.0,14659.0,Dick McGuire,,698.0,,1281.0,5707.0,,0.507
123,4997.0,0.493,10126.0,10.0,0.149,67.0,1103.0,,136.0,3416.0,5007.0,0.491,10193.0,2799.0,0.7859999999999999,3559.0,500.0,,ABA,19442.0,2010.0,1482.0,12823.0,Dick McGuire,,245.0,,1209.0,5426.0,,0.49200000000000005
124,,,,,,,,,,,,,,,,,,,,,,,,Dick McGuire,,,,,,,
125,6156.0,0.509,12104.0,20.0,0.253,79.0,2005.0,,452.0,4641.0,6176.0,0.507,12183.0,4217.0,0.799,5277.0,802.0,236.0,ABA,25198.0,1989.0,2288.0,16589.0,Dick McGuire,,798.0,10 seasons,1481.0,6630.0,"DNA,DEN",0.508
126,4246.0,0.49,8658.0,9.0,0.14300000000000002,63.0,902.0,,80.0,2796.0,4255.0,0.488,8721.0,2374.0,0.7809999999999999,3038.0,416.0,,ABA,16586.0,1707.0,1216.0,10893.0,Dick McGuire,,145.0,5 seasons,1009.0,4503.0,KEN,0.488
